Artnr;ColorC;ColorN;Size;Price;Barcode;Aantal;beeld
91551-20;000550 ; army;XS/34;€ 69,99;8719937306063;27;201918948_1.pdf
91551-20;000550 ; army;S/36;€ 69,99;8719937295626;94;201918948_2.pdf
91551-20;000550 ; army;M/38;€ 69,99;8719937306070;126;201918948_3.pdf
91551-20;000550 ; army;L/40;€ 69,99;8719937306087;109;201918948_4.pdf
91551-20;000550 ; army;XL/42;€ 69,99;8719937306094;81;201918948_5.pdf
91551-20;000550 ; army;2XL/44;€ 69,99;8719937306100;31;201918948_6.pdf
91551-20;000550 ; army;3XL/46;€ 69,99;8719937306117;6;201918948_7.pdf
91552-20;000950 ; anthracite;XS/34;€ 59,99;8719937301488;123;201918948_8.pdf
91552-20;000950 ; anthracite;S/36;€ 59,99;8719937292137;489;201918948_9.pdf
91552-20;000950 ; anthracite;M/38;€ 59,99;8719937301495;703;201918948_10.pdf
91552-20;000950 ; anthracite;L/40;€ 59,99;8719937301501;663;201918948_11.pdf
91552-20;000950 ; anthracite;XL/42;€ 59,99;8719937301518;533;201918948_12.pdf
91552-20;000950 ; anthracite;2XL/44;€ 59,99;8719937301525;294;201918948_13.pdf
91552-20;000950 ; anthracite;3XL/46;€ 59,99;8719937301532;39;201918948_14.pdf
93625-20;000735 ; camel combi;XS/34;€ 69,99;8719937310046;222;201918948_15.pdf
93625-20;000735 ; camel combi;S/36;€ 69,99;8719937295350;1184;201918948_16.pdf
93625-20;000735 ; camel combi;M/38;€ 69,99;8719937310053;1806;201918948_17.pdf
93625-20;000735 ; camel combi;L/40;€ 69,99;8719937310060;1789;201918948_18.pdf
93625-20;000735 ; camel combi;XL/42;€ 69,99;8719937310077;1488;201918948_19.pdf
93625-20;000735 ; camel combi;2XL/44;€ 69,99;8719937310084;940;201918948_20.pdf
93625-20;000735 ; camel combi;3XL/46;€ 69,99;8719937310091;256;201918948_21.pdf
93626-20;000999 ; black/grey combi;XS/34;€ 69,99;8719937310640;226;201918948_22.pdf
93626-20;000999 ; black/grey combi;S/36;€ 69,99;8719937295367;749;201918948_23.pdf
93626-20;000999 ; black/grey combi;M/38;€ 69,99;8719937310657;1094;201918948_24.pdf
93626-20;000999 ; black/grey combi;L/40;€ 69,99;8719937310664;1066;201918948_25.pdf
93626-20;000999 ; black/grey combi;XL/42;€ 69,99;8719937310671;856;201918948_26.pdf
93626-20;000999 ; black/grey combi;2XL/44;€ 69,99;8719937310688;464;201918948_27.pdf
93626-20;000999 ; black/grey combi;3XL/46;€ 69,99;8719937310695;140;201918948_28.pdf
93630-20;000530 ; green combi;XS/34;€ 79,99;8719937311180;157;201918948_29.pdf
93630-20;000530 ; green combi;S/36;€ 79,99;8719937296586;527;201918948_30.pdf
93630-20;000530 ; green combi;M/38;€ 79,99;8719937311197;781;201918948_31.pdf
93630-20;000530 ; green combi;L/40;€ 79,99;8719937311203;760;201918948_32.pdf
93630-20;000530 ; green combi;XL/42;€ 79,99;8719937311210;598;201918948_33.pdf
93630-20;000530 ; green combi;2XL/44;€ 79,99;8719937311227;346;201918948_34.pdf
93630-20;000530 ; green combi;3XL/46;€ 79,99;8719937311234;132;201918948_35.pdf
93631-20;000530 ; green combi;XS/34;€ 69,99;8719937310589;71;201918948_36.pdf
93631-20;000530 ; green combi;S/36;€ 69,99;8719937296593;207;201918948_37.pdf
93631-20;000530 ; green combi;M/38;€ 69,99;8719937310596;331;201918948_38.pdf
93631-20;000530 ; green combi;L/40;€ 69,99;8719937310602;329;201918948_39.pdf
93631-20;000530 ; green combi;XL/42;€ 69,99;8719937310619;275;201918948_40.pdf
93631-20;000530 ; green combi;2XL/44;€ 69,99;8719937310626;174;201918948_41.pdf
93631-20;000530 ; green combi;3XL/46;€ 69,99;8719937310633;60;201918948_42.pdf
93640-20;000999 ; black combi;XS/34;€ 69,99;8719937301549;77;201918948_43.pdf
93640-20;000999 ; black combi;S/36;€ 69,99;8719937291949;478;201918948_44.pdf
93640-20;000999 ; black combi;M/38;€ 69,99;8719937301556;690;201918948_45.pdf
93640-20;000999 ; black combi;L/40;€ 69,99;8719937301563;651;201918948_46.pdf
93640-20;000999 ; black combi;XL/42;€ 69,99;8719937301570;541;201918948_47.pdf
93640-20;000999 ; black combi;2XL/44;€ 69,99;8719937301587;386;201918948_48.pdf
93640-20;000999 ; black combi;3XL/46;€ 69,99;8719937301594;128;201918948_49.pdf
93642-20;000009 ; black/white;XS/34;€ 59,99;8719937301662;226;201918948_50.pdf
93642-20;000009 ; black/white;S/36;€ 59,99;8719937292144;1037;201918948_51.pdf
93642-20;000009 ; black/white;M/38;€ 59,99;8719937301679;1570;201918948_52.pdf
93642-20;000009 ; black/white;L/40;€ 59,99;8719937301686;1589;201918948_53.pdf
93642-20;000009 ; black/white;XL/42;€ 59,99;8719937301693;1371;201918948_54.pdf
93642-20;000009 ; black/white;2XL/44;€ 59,99;8719937301709;1045;201918948_55.pdf
93642-20;000009 ; black/white;3XL/46;€ 59,99;8719937301716;453;201918948_56.pdf
93643-20;000550 ; army combi;XS/34;€ 59,99;8719937305943;77;201918948_57.pdf
93643-20;000550 ; army combi;S/36;€ 59,99;8719937295633;329;201918948_58.pdf
93643-20;000550 ; army combi;M/38;€ 59,99;8719937305950;453;201918948_59.pdf
93643-20;000550 ; army combi;L/40;€ 59,99;8719937305967;438;201918948_60.pdf
93643-20;000550 ; army combi;XL/42;€ 59,99;8719937305974;346;201918948_61.pdf
93643-20;000550 ; army combi;2XL/44;€ 59,99;8719937305981;155;201918948_62.pdf
93643-20;000550 ; army combi;3XL/46;€ 59,99;8719937305998;29;201918948_63.pdf
93644-20;000240 ; mustard combi;XS/34;€ 79,99;8719937330181;226;201918948_64.pdf
93644-20;000240 ; mustard combi;S/36;€ 79,99;8719937295657;781;201918948_65.pdf
93644-20;000240 ; mustard combi;M/38;€ 79,99;8719937330198;1134;201918948_66.pdf
93644-20;000240 ; mustard combi;L/40;€ 79,99;8719937330204;1121;201918948_67.pdf
93644-20;000240 ; mustard combi;XL/42;€ 79,99;8719937330211;896;201918948_68.pdf
93644-20;000240 ; mustard combi;2XL/44;€ 79,99;8719937330228;539;201918948_69.pdf
93644-20;000240 ; mustard combi;3XL/46;€ 79,99;8719937330235;155;201918948_70.pdf
93645-20;000999 ; black/army combi;XS/34;€ 69,99;8719937306841;25;201918948_71.pdf
93645-20;000999 ; black/army combi;S/36;€ 69,99;8719937295619;94;201918948_72.pdf
93645-20;000999 ; black/army combi;M/38;€ 69,99;8719937306858;134;201918948_73.pdf
93645-20;000999 ; black/army combi;L/40;€ 69,99;8719937306865;144;201918948_74.pdf
93645-20;000999 ; black/army combi;XL/42;€ 69,99;8719937306872;126;201918948_75.pdf
93645-20;000999 ; black/army combi;2XL/44;€ 69,99;8719937306889;96;201918948_76.pdf
93645-20;000999 ; black/army combi;3XL/46;€ 69,99;8719937306896;44;201918948_77.pdf
93646-20;000999 ; black combi;XS/34;€ 79,99;8719937301600;375;201918948_78.pdf
93646-20;000999 ; black combi;S/36;€ 79,99;8719937291901;1587;201918948_79.pdf
93646-20;000999 ; black combi;M/38;€ 79,99;8719937301617;2473;201918948_80.pdf
93646-20;000999 ; black combi;L/40;€ 79,99;8719937301624;2501;201918948_81.pdf
93646-20;000999 ; black combi;XL/42;€ 79,99;8719937301631;2081;201918948_82.pdf
93646-20;000999 ; black combi;2XL/44;€ 79,99;8719937301648;1297;201918948_83.pdf
93646-20;000999 ; black combi;3XL/46;€ 79,99;8719937301655;415;201918948_84.pdf
93647-20;000530 ; green combi;XS/34;€ 59,99;8719937307022;243;201918948_85.pdf
93647-20;000530 ; green combi;S/36;€ 59,99;8719937291956;1226;201918948_86.pdf
93647-20;000530 ; green combi;M/38;€ 59,99;8719937307039;1850;201918948_87.pdf
93647-20;000530 ; green combi;L/40;€ 59,99;8719937307046;1913;201918948_88.pdf
93647-20;000530 ; green combi;XL/42;€ 59,99;8719937307053;1627;201918948_89.pdf
93647-20;000530 ; green combi;2XL/44;€ 59,99;8719937307060;1075;201918948_90.pdf
93647-20;000530 ; green combi;3XL/46;€ 59,99;8719937307077;378;201918948_91.pdf
93648-20;000999 ; black/mustard combi;XS/34;€ 79,99;8719937328560;54;201918948_92.pdf
93648-20;000999 ; black/mustard combi;S/36;€ 79,99;8719937291987;319;201918948_93.pdf
93648-20;000999 ; black/mustard combi;M/38;€ 79,99;8719937328577;470;201918948_94.pdf
93648-20;000999 ; black/mustard combi;L/40;€ 79,99;8719937328584;508;201918948_95.pdf
93648-20;000999 ; black/mustard combi;XL/42;€ 79,99;8719937328591;434;201918948_96.pdf
93648-20;000999 ; black/mustard combi;2XL/44;€ 79,99;8719937328607;283;201918948_97.pdf
93648-20;000999 ; black/mustard combi;3XL/46;€ 79,99;8719937328614;90;201918948_98.pdf
93652-20;000999 ; black/pink combi;XS/34;€ 79,99;8719937329222;23;201918948_99.pdf
93652-20;000999 ; black/pink combi;S/36;€ 79,99;8719937296616;134;201918948_100.pdf
93652-20;000999 ; black/pink combi;M/38;€ 79,99;8719937329239;214;201918948_101.pdf
93652-20;000999 ; black/pink combi;L/40;€ 79,99;8719937329246;205;201918948_102.pdf
93652-20;000999 ; black/pink combi;XL/42;€ 79,99;8719937329253;172;201918948_103.pdf
93652-20;000999 ; black/pink combi;2XL/44;€ 79,99;8719937329260;79;201918948_104.pdf
93652-20;000999 ; black/pink combi;3XL/46;€ 79,99;8719937329277;25;201918948_105.pdf
93653-20;000999 ; black combi;XS/34;€ 69,99;8719937326009;14;201918948_106.pdf
93653-20;000999 ; black combi;S/36;€ 69,99;8719937296098;79;201918948_107.pdf
93653-20;000999 ; black combi;M/38;€ 69,99;8719937326016;123;201918948_108.pdf
93653-20;000999 ; black combi;L/40;€ 69,99;8719937326023;128;201918948_109.pdf
93653-20;000999 ; black combi;XL/42;€ 69,99;8719937326030;117;201918948_110.pdf
93653-20;000999 ; black combi;2XL/44;€ 69,99;8719937326047;90;201918948_111.pdf
93653-20;000999 ; black combi;3XL/46;€ 69,99;8719937326054;56;201918948_112.pdf
93654-20;000735 ; camel/pink combi;XS/34;€ 79,99;8719937330723;63;201918948_113.pdf
93654-20;000735 ; camel/pink combi;S/36;€ 79,99;8719937296944;348;201918948_114.pdf
93654-20;000735 ; camel/pink combi;M/38;€ 79,99;8719937330730;520;201918948_115.pdf
93654-20;000735 ; camel/pink combi;L/40;€ 79,99;8719937330747;493;201918948_116.pdf
93654-20;000735 ; camel/pink combi;XL/42;€ 79,99;8719937330754;392;201918948_117.pdf
93654-20;000735 ; camel/pink combi;2XL/44;€ 79,99;8719937330761;245;201918948_118.pdf
93654-20;000735 ; camel/pink combi;3XL/46;€ 79,99;8719937330778;67;201918948_119.pdf
93656-20;000999 ; black combi;XS/34;€ 69,99;8719937324739;18;201918948_120.pdf
93656-20;000999 ; black combi;S/36;€ 69,99;8719937297095;113;201918948_121.pdf
93656-20;000999 ; black combi;M/38;€ 69,99;8719937324746;151;201918948_122.pdf
93656-20;000999 ; black combi;L/40;€ 69,99;8719937324753;142;201918948_123.pdf
93656-20;000999 ; black combi;XL/42;€ 69,99;8719937324760;130;201918948_124.pdf
93656-20;000999 ; black combi;2XL/44;€ 69,99;8719937324777;60;201918948_125.pdf
93656-20;000999 ; black combi;3XL/46;€ 69,99;8719937324784;35;201918948_126.pdf
93657-20;000735 ; camel combi;XS/34;€ 69,99;8719937328867;42;201918948_127.pdf
93657-20;000735 ; camel combi;S/36;€ 69,99;8719937297163;203;201918948_128.pdf
93657-20;000735 ; camel combi;M/38;€ 69,99;8719937328874;304;201918948_129.pdf
93657-20;000735 ; camel combi;L/40;€ 69,99;8719937328881;298;201918948_130.pdf
93657-20;000735 ; camel combi;XL/42;€ 69,99;8719937328898;233;201918948_131.pdf
93657-20;000735 ; camel combi;2XL/44;€ 69,99;8719937328904;130;201918948_132.pdf
93657-20;000735 ; camel combi;3XL/46;€ 69,99;8719937328911;39;201918948_133.pdf
93658-20;000999 ; black/green combi;XS/34;€ 54,99;8719937304021;102;201918948_134.pdf
93658-20;000999 ; black/green combi;S/36;€ 54,99;8719937292014;384;201918948_135.pdf
93658-20;000999 ; black/green combi;M/38;€ 54,99;8719937304038;531;201918948_136.pdf
93658-20;000999 ; black/green combi;L/40;€ 54,99;8719937304045;533;201918948_137.pdf
93658-20;000999 ; black/green combi;XL/42;€ 54,99;8719937304052;462;201918948_138.pdf
93658-20;000999 ; black/green combi;2XL/44;€ 54,99;8719937304069;289;201918948_139.pdf
93658-20;000999 ; black/green combi;3XL/46;€ 54,99;8719937304076;123;201918948_140.pdf
93659-20;000735 ; camel/white/green;XS/34;€ 69,99;8719937324319;174;201918948_141.pdf
93659-20;000735 ; camel/white/green;S/36;€ 69,99;8719937296951;842;201918948_142.pdf
93659-20;000735 ; camel/white/green;M/38;€ 69,99;8719937324326;1253;201918948_143.pdf
93659-20;000735 ; camel/white/green;L/40;€ 69,99;8719937324333;1249;201918948_144.pdf
93659-20;000735 ; camel/white/green;XL/42;€ 69,99;8719937324340;1064;201918948_145.pdf
93659-20;000735 ; camel/white/green;2XL/44;€ 69,99;8719937324357;678;201918948_146.pdf
93659-20;000735 ; camel/white/green;3XL/46;€ 69,99;8719937324364;233;201918948_147.pdf
93661-20;000999 ; black/green combi;XS/34;€ 69,99;8719937328928;88;201918948_148.pdf
93661-20;000999 ; black/green combi;S/36;€ 69,99;8719937296104;464;201918948_149.pdf
93661-20;000999 ; black/green combi;M/38;€ 69,99;8719937328935;741;201918948_150.pdf
93661-20;000999 ; black/green combi;L/40;€ 69,99;8719937328942;772;201918948_151.pdf
93661-20;000999 ; black/green combi;XL/42;€ 69,99;8719937328959;680;201918948_152.pdf
93661-20;000999 ; black/green combi;2XL/44;€ 69,99;8719937328966;459;201918948_153.pdf
93661-20;000999 ; black/green combi;3XL/46;€ 69,99;8719937328973;178;201918948_154.pdf
93663-20;000530 ; green combi;XS/34;€ 59,99;8719937306964;31;201918948_155.pdf
93663-20;000530 ; green combi;S/36;€ 59,99;8719937292106;109;201918948_156.pdf
93663-20;000530 ; green combi;M/38;€ 59,99;8719937306971;147;201918948_157.pdf
93663-20;000530 ; green combi;L/40;€ 59,99;8719937306988;136;201918948_158.pdf
93663-20;000530 ; green combi;XL/42;€ 59,99;8719937306995;113;201918948_159.pdf
93663-20;000530 ; green combi;2XL/44;€ 59,99;8719937307008;46;201918948_160.pdf
93663-20;000530 ; green combi;3XL/46;€ 59,99;8719937307015;10;201918948_161.pdf
93664-20;000550 ; army combi;XS/34;€ 79,99;8719937324913;128;201918948_162.pdf
93664-20;000550 ; army combi;S/36;€ 79,99;8719937297224;359;201918948_163.pdf
93664-20;000550 ; army combi;M/38;€ 79,99;8719937324920;476;201918948_164.pdf
93664-20;000550 ; army combi;L/40;€ 79,99;8719937324937;434;201918948_165.pdf
93664-20;000550 ; army combi;XL/42;€ 79,99;8719937324944;317;201918948_166.pdf
93664-20;000550 ; army combi;2XL/44;€ 79,99;8719937324951;161;201918948_167.pdf
93664-20;000550 ; army combi;3XL/46;€ 79,99;8719937324968;35;201918948_168.pdf
93665-20;000550 ; army/blue combi;XS/34;€ 79,99;8719937323237;115;201918948_169.pdf
93665-20;000550 ; army/blue combi;S/36;€ 79,99;8719937292168;249;201918948_170.pdf
93665-20;000550 ; army/blue combi;M/38;€ 79,99;8719937323244;369;201918948_171.pdf
93665-20;000550 ; army/blue combi;L/40;€ 79,99;8719937323251;333;201918948_172.pdf
93665-20;000550 ; army/blue combi;XL/42;€ 79,99;8719937323268;298;201918948_173.pdf
93665-20;000550 ; army/blue combi;2XL/44;€ 79,99;8719937323275;123;201918948_174.pdf
93665-20;000550 ; army/blue combi;3XL/46;€ 79,99;8719937323282;46;201918948_175.pdf
93666-20;000530 ; green combi;XS/34;€ 69,99;8719937323053;23;201918948_176.pdf
93666-20;000530 ; green combi;S/36;€ 69,99;8719937292069;65;201918948_177.pdf
93666-20;000530 ; green combi;M/38;€ 69,99;8719937323060;94;201918948_178.pdf
93666-20;000530 ; green combi;L/40;€ 69,99;8719937323077;84;201918948_179.pdf
93666-20;000530 ; green combi;XL/42;€ 69,99;8719937323084;73;201918948_180.pdf
93666-20;000530 ; green combi;2XL/44;€ 69,99;8719937323091;44;201918948_181.pdf
93666-20;000530 ; green combi;3XL/46;€ 69,99;8719937323107;16;201918948_182.pdf
93667-20;000550 ; army/blue combi;XS/34;€ 79,99;8719937323176;212;201918948_183.pdf
93667-20;000550 ; army/blue combi;S/36;€ 79,99;8719937292113;449;201918948_184.pdf
93667-20;000550 ; army/blue combi;M/38;€ 79,99;8719937323183;613;201918948_185.pdf
93667-20;000550 ; army/blue combi;L/40;€ 79,99;8719937323190;552;201918948_186.pdf
93667-20;000550 ; army/blue combi;XL/42;€ 79,99;8719937323206;464;201918948_187.pdf
93667-20;000550 ; army/blue combi;2XL/44;€ 79,99;8719937323213;254;201918948_188.pdf
93667-20;000550 ; army/blue combi;3XL/46;€ 79,99;8719937323220;117;201918948_189.pdf
93668-20;000009 ; black/white;XS/34;€ 59,99;8719937301426;138;201918948_190.pdf
93668-20;000009 ; black/white;S/36;€ 59,99;8719937292175;504;201918948_191.pdf
93668-20;000009 ; black/white;M/38;€ 59,99;8719937301433;726;201918948_192.pdf
93668-20;000009 ; black/white;L/40;€ 59,99;8719937301440;697;201918948_193.pdf
93668-20;000009 ; black/white;XL/42;€ 59,99;8719937301457;598;201918948_194.pdf
93668-20;000009 ; black/white;2XL/44;€ 59,99;8719937301464;386;201918948_195.pdf
93668-20;000009 ; black/white;3XL/46;€ 59,99;8719937301471;119;201918948_196.pdf
93670-20;000240 ; mustard combi;XS/34;€ 69,99;8719937328386;60;201918948_197.pdf
93670-20;000240 ; mustard combi;S/36;€ 69,99;8719937295695;380;201918948_198.pdf
93670-20;000240 ; mustard combi;M/38;€ 69,99;8719937328393;611;201918948_199.pdf
93670-20;000240 ; mustard combi;L/40;€ 69,99;8719937328409;609;201918948_200.pdf
93670-20;000240 ; mustard combi;XL/42;€ 69,99;8719937328416;506;201918948_201.pdf
93670-20;000240 ; mustard combi;2XL/44;€ 69,99;8719937328423;258;201918948_202.pdf
93670-20;000240 ; mustard combi;3XL/46;€ 69,99;8719937328430;100;201918948_203.pdf
93671-20;000240 ; mustard combi;XS/34;€ 69,99;8719937328324;65;201918948_204.pdf
93671-20;000240 ; mustard combi;S/36;€ 69,99;8719937295701;443;201918948_205.pdf
93671-20;000240 ; mustard combi;M/38;€ 69,99;8719937328331;749;201918948_206.pdf
93671-20;000240 ; mustard combi;L/40;€ 69,99;8719937328348;768;201918948_207.pdf
93671-20;000240 ; mustard combi;XL/42;€ 69,99;8719937328355;657;201918948_208.pdf
93671-20;000240 ; mustard combi;2XL/44;€ 69,99;8719937328362;403;201918948_209.pdf
93671-20;000240 ; mustard combi;3XL/46;€ 69,99;8719937328379;134;201918948_210.pdf
93673-20;000675 ; navy combi;XS/34;€ 79,99;8719937306902;37;201918948_211.pdf
93673-20;000675 ; navy combi;S/36;€ 79,99;8719937292120;132;201918948_212.pdf
93673-20;000675 ; navy combi;M/38;€ 79,99;8719937306919;191;201918948_213.pdf
93673-20;000675 ; navy combi;L/40;€ 79,99;8719937306926;191;201918948_214.pdf
93673-20;000675 ; navy combi;XL/42;€ 79,99;8719937306933;157;201918948_215.pdf
93673-20;000675 ; navy combi;2XL/44;€ 79,99;8719937306940;94;201918948_216.pdf
93673-20;000675 ; navy combi;3XL/46;€ 79,99;8719937306957;35;201918948_217.pdf
93675-20;000240 ; mustard/green combi;XS/34;€ 59,99;8719937328980;48;201918948_218.pdf
93675-20;000240 ; mustard/green combi;S/36;€ 59,99;8719937297217;291;201918948_219.pdf
93675-20;000240 ; mustard/green combi;M/38;€ 59,99;8719937328997;453;201918948_220.pdf
93675-20;000240 ; mustard/green combi;L/40;€ 59,99;8719937329000;472;201918948_221.pdf
93675-20;000240 ; mustard/green combi;XL/42;€ 59,99;8719937329017;378;201918948_222.pdf
93675-20;000240 ; mustard/green combi;2XL/44;€ 59,99;8719937329024;279;201918948_223.pdf
93675-20;000240 ; mustard/green combi;3XL/46;€ 59,99;8719937329031;35;201918948_224.pdf
93676-20;000999 ; black/mustard combi;XS/34;€ 54,99;8719937328683;300;201918948_225.pdf
93676-20;000999 ; black/mustard combi;S/36;€ 54,99;8719937296111;1348;201918948_226.pdf
93676-20;000999 ; black/mustard combi;M/38;€ 54,99;8719937328690;2068;201918948_227.pdf
93676-20;000999 ; black/mustard combi;L/40;€ 54,99;8719937328706;2011;201918948_228.pdf
93676-20;000999 ; black/mustard combi;XL/42;€ 54,99;8719937328713;1593;201918948_229.pdf
93676-20;000999 ; black/mustard combi;2XL/44;€ 54,99;8719937328720;913;201918948_230.pdf
93676-20;000999 ; black/mustard combi;3XL/46;€ 54,99;8719937328737;222;201918948_231.pdf
93677-20;000735 ; camel combi;XS/34;€ 49,99;8719937305103;44;201918948_232.pdf
93677-20;000735 ; camel combi;S/36;€ 49,99;8719937292182;197;201918948_233.pdf
93677-20;000735 ; camel combi;M/38;€ 49,99;8719937305110;262;201918948_234.pdf
93677-20;000735 ; camel combi;L/40;€ 49,99;8719937305127;262;201918948_235.pdf
93677-20;000735 ; camel combi;XL/42;€ 49,99;8719937305134;214;201918948_236.pdf
93677-20;000735 ; camel combi;2XL/44;€ 49,99;8719937305141;123;201918948_237.pdf
93677-20;000735 ; camel combi;3XL/46;€ 49,99;8719937305158;31;201918948_238.pdf
93680-20;000530 ; green combi;XS/34;€ 59,99;8719937329581;149;201918948_239.pdf
93680-20;000530 ; green combi;S/36;€ 59,99;8719937292045;808;201918948_240.pdf
93680-20;000530 ; green combi;M/38;€ 59,99;8719937329598;1274;201918948_241.pdf
93680-20;000530 ; green combi;L/40;€ 59,99;8719937329604;1255;201918948_242.pdf
93680-20;000530 ; green combi;XL/42;€ 59,99;8719937329611;1106;201918948_243.pdf
93680-20;000530 ; green combi;2XL/44;€ 59,99;8719937329628;770;201918948_244.pdf
93680-20;000530 ; green combi;3XL/46;€ 59,99;8719937329635;256;201918948_245.pdf
93683-20;000999 ; black;XS/34;€ 49,99;8719937328140;105;201918948_246.pdf
93683-20;000999 ; black;S/36;€ 49,99;8719937296654;466;201918948_247.pdf
93683-20;000999 ; black;M/38;€ 49,99;8719937328157;709;201918948_248.pdf
93683-20;000999 ; black;L/40;€ 49,99;8719937328164;718;201918948_249.pdf
93683-20;000999 ; black;XL/42;€ 49,99;8719937328171;600;201918948_250.pdf
93683-20;000999 ; black;2XL/44;€ 49,99;8719937328188;399;201918948_251.pdf
93683-20;000999 ; black;3XL/46;€ 49,99;8719937328195;163;201918948_252.pdf
93685-20;000925 ; grey combi;XS/34;€ 69,99;8719937328621;81;201918948_253.pdf
93685-20;000925 ; grey combi;S/36;€ 69,99;8719937296135;352;201918948_254.pdf
93685-20;000925 ; grey combi;M/38;€ 69,99;8719937328638;487;201918948_255.pdf
93685-20;000925 ; grey combi;L/40;€ 69,99;8719937328645;453;201918948_256.pdf
93685-20;000925 ; grey combi;XL/42;€ 69,99;8719937328652;394;201918948_257.pdf
93685-20;000925 ; grey combi;2XL/44;€ 69,99;8719937328669;237;201918948_258.pdf
93685-20;000925 ; grey combi;3XL/46;€ 69,99;8719937328676;113;201918948_259.pdf
93686-20;000550 ; army combi;XS/34;€ 69,99;8719937324074;155;201918948_260.pdf
93686-20;000550 ; army combi;S/36;€ 69,99;8719937296661;766;201918948_261.pdf
93686-20;000550 ; army combi;M/38;€ 69,99;8719937324081;1144;201918948_262.pdf
93686-20;000550 ; army combi;L/40;€ 69,99;8719937324098;1161;201918948_263.pdf
93686-20;000550 ; army combi;XL/42;€ 69,99;8719937324104;1018;201918948_264.pdf
93686-20;000550 ; army combi;2XL/44;€ 69,99;8719937324111;762;201918948_265.pdf
93686-20;000550 ; army combi;3XL/46;€ 69,99;8719937324128;325;201918948_266.pdf
93687-20;000999 ; black/pink combi;XS/34;€ 69,99;8719937324135;50;201918948_267.pdf
93687-20;000999 ; black/pink combi;S/36;€ 69,99;8719937296678;294;201918948_268.pdf
93687-20;000999 ; black/pink combi;M/38;€ 69,99;8719937324142;445;201918948_269.pdf
93687-20;000999 ; black/pink combi;L/40;€ 69,99;8719937324159;462;201918948_270.pdf
93687-20;000999 ; black/pink combi;XL/42;€ 69,99;8719937324166;441;201918948_271.pdf
93687-20;000999 ; black/pink combi;2XL/44;€ 69,99;8719937324173;304;201918948_272.pdf
93687-20;000999 ; black/pink combi;3XL/46;€ 69,99;8719937324180;197;201918948_273.pdf
93688-20;000530 ; green/pink combi;XS/34;€ 79,99;8719937325941;50;201918948_274.pdf
93688-20;000530 ; green/pink combi;S/36;€ 79,99;8719937296142;134;201918948_275.pdf
93688-20;000530 ; green/pink combi;M/38;€ 79,99;8719937325958;197;201918948_276.pdf
93688-20;000530 ; green/pink combi;L/40;€ 79,99;8719937325965;195;201918948_277.pdf
93688-20;000530 ; green/pink combi;XL/42;€ 79,99;8719937325972;161;201918948_278.pdf
93688-20;000530 ; green/pink combi;2XL/44;€ 79,99;8719937325989;92;201918948_279.pdf
93688-20;000530 ; green/pink combi;3XL/46;€ 79,99;8719937325996;35;201918948_280.pdf
93690-20;000550 ; army/red combi;XS/34;€ 59,99;8719937326726;16;201918948_281.pdf
93690-20;000550 ; army/red combi;S/36;€ 59,99;8719937296685;63;201918948_282.pdf
93690-20;000550 ; army/red combi;M/38;€ 59,99;8719937326733;98;201918948_283.pdf
93690-20;000550 ; army/red combi;L/40;€ 59,99;8719937326740;94;201918948_284.pdf
93690-20;000550 ; army/red combi;XL/42;€ 59,99;8719937326757;71;201918948_285.pdf
93690-20;000550 ; army/red combi;2XL/44;€ 59,99;8719937326764;29;201918948_286.pdf
93690-20;000550 ; army/red combi;3XL/46;€ 59,99;8719937326771;4;201918948_287.pdf
93691-20;000625 ; blue combi;XS/34;€ 79,99;8719937323411;396;201918948_288.pdf
93691-20;000625 ; blue combi;S/36;€ 79,99;8719937292199;1787;201918948_289.pdf
93691-20;000625 ; blue combi;M/38;€ 79,99;8719937323428;2870;201918948_290.pdf
93691-20;000625 ; blue combi;L/40;€ 79,99;8719937323435;2885;201918948_291.pdf
93691-20;000625 ; blue combi;XL/42;€ 79,99;8719937323442;2463;201918948_292.pdf
93691-20;000625 ; blue combi;2XL/44;€ 79,99;8719937323459;1667;201918948_293.pdf
93691-20;000625 ; blue combi;3XL/46;€ 79,99;8719937323466;617;201918948_294.pdf
93692-20;000999 ; black/pink combi;XS/34;€ 69,99;8719937305042;37;201918948_295.pdf
93692-20;000999 ; black/pink combi;S/36;€ 69,99;8719937295664;264;201918948_296.pdf
93692-20;000999 ; black/pink combi;M/38;€ 69,99;8719937305059;371;201918948_297.pdf
93692-20;000999 ; black/pink combi;L/40;€ 69,99;8719937305066;375;201918948_298.pdf
93692-20;000999 ; black/pink combi;XL/42;€ 69,99;8719937305073;317;201918948_299.pdf
93692-20;000999 ; black/pink combi;2XL/44;€ 69,99;8719937305080;172;201918948_300.pdf
93692-20;000999 ; black/pink combi;3XL/46;€ 69,99;8719937305097;73;201918948_301.pdf
93693-20;000720 ; sand/red combi;XS/34;€ 69,99;8719937324197;157;201918948_302.pdf
93693-20;000720 ; sand/red combi;S/36;€ 69,99;8719937296692;525;201918948_303.pdf
93693-20;000720 ; sand/red combi;M/38;€ 69,99;8719937324203;739;201918948_304.pdf
93693-20;000720 ; sand/red combi;L/40;€ 69,99;8719937324210;751;201918948_305.pdf
93693-20;000720 ; sand/red combi;XL/42;€ 69,99;8719937324227;602;201918948_306.pdf
93693-20;000720 ; sand/red combi;2XL/44;€ 69,99;8719937324234;399;201918948_307.pdf
93693-20;000720 ; sand/red combi;3XL/46;€ 69,99;8719937324241;174;201918948_308.pdf
93694-20;000999 ; black combi;XS/34;€ 59,99;8719937301365;50;201918948_309.pdf
93694-20;000999 ; black combi;S/36;€ 59,99;8719937292007;201;201918948_310.pdf
93694-20;000999 ; black combi;M/38;€ 59,99;8719937301372;268;201918948_311.pdf
93694-20;000999 ; black combi;L/40;€ 59,99;8719937301389;254;201918948_312.pdf
93694-20;000999 ; black combi;XL/42;€ 59,99;8719937301396;212;201918948_313.pdf
93694-20;000999 ; black combi;2XL/44;€ 59,99;8719937301402;136;201918948_314.pdf
93694-20;000999 ; black combi;3XL/46;€ 59,99;8719937301419;67;201918948_315.pdf
93695-20;000999 ; black;XS/34;€ 69,99;8719937323770;277;201918948_316.pdf
93695-20;000999 ; black;S/36;€ 69,99;8719937296159;1064;201918948_317.pdf
93695-20;000999 ; black;M/38;€ 69,99;8719937323787;1648;201918948_318.pdf
93695-20;000999 ; black;L/40;€ 69,99;8719937323794;1646;201918948_319.pdf
93695-20;000999 ; black;XL/42;€ 69,99;8719937323800;1436;201918948_320.pdf
93695-20;000999 ; black;2XL/44;€ 69,99;8719937323817;993;201918948_321.pdf
93695-20;000999 ; black;3XL/46;€ 69,99;8719937323824;365;201918948_322.pdf
93697-20;000530 ; green/mustard;XS/34;€ 69,99;8719937328805;132;201918948_323.pdf
93697-20;000530 ; green/mustard;S/36;€ 69,99;8719937296708;441;201918948_324.pdf
93697-20;000530 ; green/mustard;M/38;€ 69,99;8719937328812;634;201918948_325.pdf
93697-20;000530 ; green/mustard;L/40;€ 69,99;8719937328829;613;201918948_326.pdf
93697-20;000530 ; green/mustard;XL/42;€ 69,99;8719937328836;516;201918948_327.pdf
93697-20;000530 ; green/mustard;2XL/44;€ 69,99;8719937328843;323;201918948_328.pdf
93697-20;000530 ; green/mustard;3XL/46;€ 69,99;8719937328850;128;201918948_329.pdf
93698-20;000735 ; camel combi;XS/34;€ 69,99;8719937323350;302;201918948_330.pdf
93698-20;000735 ; camel combi;S/36;€ 69,99;8719937292212;1005;201918948_331.pdf
93698-20;000735 ; camel combi;M/38;€ 69,99;8719937323367;1497;201918948_332.pdf
93698-20;000735 ; camel combi;L/40;€ 69,99;8719937323374;1480;201918948_333.pdf
93698-20;000735 ; camel combi;XL/42;€ 69,99;8719937323381;1295;201918948_334.pdf
93698-20;000735 ; camel combi;2XL/44;€ 69,99;8719937323398;919;201918948_335.pdf
93698-20;000735 ; camel combi;3XL/46;€ 69,99;8719937323404;407;201918948_336.pdf
93699-20;000625 ; blue;XS/34;€ 59,99;8719937324012;42;201918948_337.pdf
93699-20;000625 ; blue;S/36;€ 59,99;8719937296715;161;201918948_338.pdf
93699-20;000625 ; blue;M/38;€ 59,99;8719937324029;220;201918948_339.pdf
93699-20;000625 ; blue;L/40;€ 59,99;8719937324036;220;201918948_340.pdf
93699-20;000625 ; blue;XL/42;€ 59,99;8719937324043;168;201918948_341.pdf
93699-20;000625 ; blue;2XL/44;€ 59,99;8719937324050;90;201918948_342.pdf
93699-20;000625 ; blue;3XL/46;€ 59,99;8719937324067;54;201918948_343.pdf
93700-20;000530 ; green combi;XS/34;€ 59,99;8719937323473;186;201918948_344.pdf
93700-20;000530 ; green combi;S/36;€ 59,99;8719937295480;886;201918948_345.pdf
93700-20;000530 ; green combi;M/38;€ 59,99;8719937323480;1419;201918948_346.pdf
93700-20;000530 ; green combi;L/40;€ 59,99;8719937323497;1463;201918948_347.pdf
93700-20;000530 ; green combi;XL/42;€ 59,99;8719937323503;1224;201918948_348.pdf
93700-20;000530 ; green combi;2XL/44;€ 59,99;8719937323510;747;201918948_349.pdf
93700-20;000530 ; green combi;3XL/46;€ 59,99;8719937323527;302;201918948_350.pdf
93703-20;000009 ; black/white combi;XS/34;€ 59,99;8719937338453;73;201918948_351.pdf
93703-20;000009 ; black/white combi;S/36;€ 59,99;8719937295497;401;201918948_352.pdf
93703-20;000009 ; black/white combi;M/38;€ 59,99;8719937338460;634;201918948_353.pdf
93703-20;000009 ; black/white combi;L/40;€ 59,99;8719937338477;661;201918948_354.pdf
93703-20;000009 ; black/white combi;XL/42;€ 59,99;8719937338484;552;201918948_355.pdf
93703-20;000009 ; black/white combi;2XL/44;€ 59,99;8719937338491;369;201918948_356.pdf
93703-20;000009 ; black/white combi;3XL/46;€ 59,99;8719937338507;165;201918948_357.pdf
93705-20;000999 ; black/red comb;XS/34;€ 49,99;8719937348049;220;201918948_358.pdf
93705-20;000999 ; black/red comb;S/36;€ 49,99;8719937345819;1207;201918948_359.pdf
93705-20;000999 ; black/red comb;M/38;€ 49,99;8719937348056;1908;201918948_360.pdf
93705-20;000999 ; black/red comb;L/40;€ 49,99;8719937348063;1974;201918948_361.pdf
93705-20;000999 ; black/red comb;XL/42;€ 49,99;8719937348070;1684;201918948_362.pdf
93705-20;000999 ; black/red comb;2XL/44;€ 49,99;8719937348087;1161;201918948_363.pdf
93705-20;000999 ; black/red comb;3XL/46;€ 49,99;8719937348094;369;201918948_364.pdf
94561-20;000999 ; black combi;XS/34;€ 89,99;8719937301907;130;201918948_365.pdf
94561-20;000999 ; black combi;S/36;€ 89,99;8719937291918;405;201918948_366.pdf
94561-20;000999 ; black combi;M/38;€ 89,99;8719937301914;550;201918948_367.pdf
94561-20;000999 ; black combi;L/40;€ 89,99;8719937301921;525;201918948_368.pdf
94561-20;000999 ; black combi;XL/42;€ 89,99;8719937301938;434;201918948_369.pdf
94561-20;000999 ; black combi;2XL/44;€ 89,99;8719937301945;281;201918948_370.pdf
94561-20;000999 ; black combi;3XL/46;€ 89,99;8719937301952;109;201918948_371.pdf
94565-20;000240 ; mustard/green combi;XS/34;€ 99,99;8719937329345;380;201918948_372.pdf
94565-20;000240 ; mustard/green combi;S/36;€ 99,99;8719937296975;1738;201918948_373.pdf
94565-20;000240 ; mustard/green combi;M/38;€ 99,99;8719937329352;2442;201918948_374.pdf
94565-20;000240 ; mustard/green combi;L/40;€ 99,99;8719937329369;2404;201918948_375.pdf
94565-20;000240 ; mustard/green combi;XL/42;€ 99,99;8719937329376;1894;201918948_376.pdf
94565-20;000240 ; mustard/green combi;2XL/44;€ 99,99;8719937329383;1024;201918948_377.pdf
94565-20;000240 ; mustard/green combi;3XL/46;€ 99,99;8719937329390;294;201918948_378.pdf
94566-20;000925 ; grey combi;XS/34;€ 119,99;8719937329642;42;201918948_379.pdf
94566-20;000925 ; grey combi;S/36;€ 119,99;8719937296982;184;201918948_380.pdf
94566-20;000925 ; grey combi;M/38;€ 119,99;8719937329659;254;201918948_381.pdf
94566-20;000925 ; grey combi;L/40;€ 119,99;8719937329666;249;201918948_382.pdf
94566-20;000925 ; grey combi;XL/42;€ 119,99;8719937329673;168;201918948_383.pdf
94566-20;000925 ; grey combi;2XL/44;€ 119,99;8719937329680;75;201918948_384.pdf
94566-20;000925 ; grey combi;3XL/46;€ 119,99;8719937329697;12;201918948_385.pdf
95602-20;000999 ; black combi;XS/34;€ 89,99;8719937338996;168;201918948_386.pdf
95602-20;000999 ; black combi;S/36;€ 89,99;8719937295527;984;201918948_387.pdf
95602-20;000999 ; black combi;M/38;€ 89,99;8719937339009;1560;201918948_388.pdf
95602-20;000999 ; black combi;L/40;€ 89,99;8719937339016;1572;201918948_389.pdf
95602-20;000999 ; black combi;XL/42;€ 89,99;8719937339023;1327;201918948_390.pdf
95602-20;000999 ; black combi;2XL/44;€ 89,99;8719937339030;726;201918948_391.pdf
95602-20;000999 ; black combi;3XL/46;€ 89,99;8719937339047;283;201918948_392.pdf
95603-20;000450 ; red comb.;XS/34;€ 129,99;8719937325095;81;201918948_393.pdf
95603-20;000450 ; red comb.;S/36;€ 129,99;8719937297507;226;201918948_394.pdf
95603-20;000450 ; red comb.;M/38;€ 129,99;8719937325101;340;201918948_395.pdf
95603-20;000450 ; red comb.;L/40;€ 129,99;8719937325118;333;201918948_396.pdf
95603-20;000450 ; red comb.;XL/42;€ 129,99;8719937325125;262;201918948_397.pdf
95603-20;000450 ; red comb.;2XL/44;€ 129,99;8719937325132;147;201918948_398.pdf
95603-20;000450 ; red comb.;3XL/46;€ 129,99;8719937325149;48;201918948_399.pdf
95604-20;000735 ; camel comb.;XS/34;€ 119,99;8719937326849;25;201918948_400.pdf
95604-20;000735 ; camel comb.;S/36;€ 119,99;8719937297415;113;201918948_401.pdf
95604-20;000735 ; camel comb.;M/38;€ 119,99;8719937326856;136;201918948_402.pdf
95604-20;000735 ; camel comb.;L/40;€ 119,99;8719937326863;142;201918948_403.pdf
95604-20;000735 ; camel comb.;XL/42;€ 119,99;8719937326870;115;201918948_404.pdf
95604-20;000735 ; camel comb.;2XL/44;€ 119,99;8719937326887;65;201918948_405.pdf
95604-20;000735 ; camel comb.;3XL/46;€ 119,99;8719937326894;27;201918948_406.pdf
95609-20;000550 ; army/ pink comb.;XS/34;€ 109,99;8719937324975;151;201918948_407.pdf
95609-20;000550 ; army/ pink comb.;S/36;€ 109,99;8719937297491;405;201918948_408.pdf
95609-20;000550 ; army/ pink comb.;M/38;€ 109,99;8719937324982;474;201918948_409.pdf
95609-20;000550 ; army/ pink comb.;L/40;€ 109,99;8719937324999;413;201918948_410.pdf
95609-20;000550 ; army/ pink comb.;XL/42;€ 109,99;8719937325002;317;201918948_411.pdf
95609-20;000550 ; army/ pink comb.;2XL/44;€ 109,99;8719937325019;201;201918948_412.pdf
95609-20;000550 ; army/ pink comb.;3XL/46;€ 109,99;8719937325026;102;201918948_413.pdf
96571-20;000735 ; camel combi;XS/34;€ 69,99;8719937326788;37;201918948_414.pdf
96571-20;000735 ; camel combi;S/36;€ 69,99;8719937297156;90;201918948_415.pdf
96571-20;000735 ; camel combi;M/38;€ 69,99;8719937326795;102;201918948_416.pdf
96571-20;000735 ; camel combi;L/40;€ 69,99;8719937326801;77;201918948_417.pdf
96571-20;000735 ; camel combi;XL/42;€ 69,99;8719937326818;48;201918948_418.pdf
96571-20;000735 ; camel combi;2XL/44;€ 69,99;8719937326825;8;201918948_419.pdf
96571-20;000735 ; camel combi;3XL/46;€ 69,99;8719937326832;4;201918948_420.pdf
96572-20;000735 ; camel combi;XS/34;€ 69,99;8719937306186;182;201918948_421.pdf
96572-20;000735 ; camel combi;S/36;€ 69,99;8719937295688;596;201918948_422.pdf
96572-20;000735 ; camel combi;M/38;€ 69,99;8719937306193;835;201918948_423.pdf
96572-20;000735 ; camel combi;L/40;€ 69,99;8719937306209;791;201918948_424.pdf
96572-20;000735 ; camel combi;XL/42;€ 69,99;8719937306216;619;201918948_425.pdf
96572-20;000735 ; camel combi;2XL/44;€ 69,99;8719937306223;359;201918948_426.pdf
96572-20;000735 ; camel combi;3XL/46;€ 69,99;8719937306230;54;201918948_427.pdf
96573-20;000925 ; grey combi;XS/34;€ 59,99;8719937306124;63;201918948_428.pdf
96573-20;000925 ; grey combi;S/36;€ 59,99;8719937295671;123;201918948_429.pdf
96573-20;000925 ; grey combi;M/38;€ 59,99;8719937306131;132;201918948_430.pdf
96573-20;000925 ; grey combi;L/40;€ 59,99;8719937306148;107;201918948_431.pdf
96573-20;000925 ; grey combi;XL/42;€ 59,99;8719937306155;75;201918948_432.pdf
96573-20;000925 ; grey combi;2XL/44;€ 59,99;8719937306162;23;201918948_433.pdf
96573-20;000925 ; grey combi;3XL/46;€ 59,99;8719937306179;2;201918948_434.pdf
97757-20;000625 ; blue combi;XS/34;€ 79,99;8719937310763;77;201918948_435.pdf
97757-20;000625 ; blue combi;S/36;€ 79,99;8719937295435;302;201918948_436.pdf
97757-20;000625 ; blue combi;M/38;€ 79,99;8719937310770;415;201918948_437.pdf
97757-20;000625 ; blue combi;L/40;€ 79,99;8719937310787;409;201918948_438.pdf
97757-20;000625 ; blue combi;XL/42;€ 79,99;8719937310794;336;201918948_439.pdf
97757-20;000625 ; blue combi;2XL/44;€ 79,99;8719937310800;258;201918948_440.pdf
97757-20;000625 ; blue combi;3XL/46;€ 79,99;8719937310817;79;201918948_441.pdf
97776-20;000950 ; anthracite;XS/34;€ 89,99;8719937329468;140;201918948_442.pdf
97776-20;000950 ; anthracite;S/36;€ 89,99;8719937295640;630;201918948_443.pdf
97776-20;000950 ; anthracite;M/38;€ 89,99;8719937329475;953;201918948_444.pdf
97776-20;000950 ; anthracite;L/40;€ 89,99;8719937329482;949;201918948_445.pdf
97776-20;000950 ; anthracite;XL/42;€ 89,99;8719937329499;785;201918948_446.pdf
97776-20;000950 ; anthracite;2XL/44;€ 89,99;8719937329505;413;201918948_447.pdf
97776-20;000950 ; anthracite;3XL/46;€ 89,99;8719937329512;123;201918948_448.pdf
97780-20;000999 ; black combi;XS/34;€ 79,99;8719937301303;375;201918948_449.pdf
97780-20;000999 ; black combi;S/36;€ 79,99;8719937292236;1635;201918948_450.pdf
97780-20;000999 ; black combi;M/38;€ 79,99;8719937301310;2559;201918948_451.pdf
97780-20;000999 ; black combi;L/40;€ 79,99;8719937301327;2597;201918948_452.pdf
97780-20;000999 ; black combi;XL/42;€ 79,99;8719937301334;2171;201918948_453.pdf
97780-20;000999 ; black combi;2XL/44;€ 79,99;8719937301341;1371;201918948_454.pdf
97780-20;000999 ; black combi;3XL/46;€ 79,99;8719937301358;560;201918948_455.pdf
97786-20;000530 ; green/pink combi;XS/34;€ 79,99;8719937329765;31;201918948_456.pdf
97786-20;000530 ; green/pink combi;S/36;€ 79,99;8719937296784;161;201918948_457.pdf
97786-20;000530 ; green/pink combi;M/38;€ 79,99;8719937329772;224;201918948_458.pdf
97786-20;000530 ; green/pink combi;L/40;€ 79,99;8719937329789;203;201918948_459.pdf
97786-20;000530 ; green/pink combi;XL/42;€ 79,99;8719937329796;170;201918948_460.pdf
97786-20;000530 ; green/pink combi;2XL/44;€ 79,99;8719937329802;142;201918948_461.pdf
97786-20;000530 ; green/pink combi;3XL/46;€ 79,99;8719937329819;44;201918948_462.pdf
97787-20;000999 ; black comb.;XS/34;€ 99,99;8719937325033;33;201918948_463.pdf
97787-20;000999 ; black comb.;S/36;€ 99,99;8719937297521;180;201918948_464.pdf
97787-20;000999 ; black comb.;M/38;€ 99,99;8719937325040;304;201918948_465.pdf
97787-20;000999 ; black comb.;L/40;€ 99,99;8719937325057;298;201918948_466.pdf
97787-20;000999 ; black comb.;XL/42;€ 99,99;8719937325064;247;201918948_467.pdf
97787-20;000999 ; black comb.;2XL/44;€ 99,99;8719937325071;138;201918948_468.pdf
97787-20;000999 ; black comb.;3XL/46;€ 99,99;8719937325088;37;201918948_469.pdf
97788-20;000240 ; mustard comb.;XS/34;€ 79,99;8719937343037;77;201918948_470.pdf
97788-20;000240 ; mustard comb.;S/36;€ 79,99;8719937297576;562;201918948_471.pdf
97788-20;000240 ; mustard comb.;M/38;€ 79,99;8719937343044;896;201918948_472.pdf
97788-20;000240 ; mustard comb.;L/40;€ 79,99;8719937343051;921;201918948_473.pdf
97788-20;000240 ; mustard comb.;XL/42;€ 79,99;8719937343068;781;201918948_474.pdf
97788-20;000240 ; mustard comb.;2XL/44;€ 79,99;8719937343075;422;201918948_475.pdf
97788-20;000240 ; mustard comb.;3XL/46;€ 79,99;8719937343082;102;201918948_476.pdf
97789-20;000450 ; red;XS/34;€ 49,99;8719937306001;35;201918948_477.pdf
97789-20;000450 ; red;S/36;€ 49,99;8719937295589;241;201918948_478.pdf
97789-20;000450 ; red;M/38;€ 49,99;8719937306018;380;201918948_479.pdf
97789-20;000450 ; red;L/40;€ 49,99;8719937306025;369;201918948_480.pdf
97789-20;000450 ; red;XL/42;€ 49,99;8719937306032;298;201918948_481.pdf
97789-20;000450 ; red;2XL/44;€ 49,99;8719937306049;172;201918948_482.pdf
97789-20;000450 ; red;3XL/46;€ 49,99;8719937306056;67;201918948_483.pdf
97790-20;000720 ; sand/green combi;XS/34;€ 79,99;8719937324678;65;201918948_484.pdf
97790-20;000720 ; sand/green combi;S/36;€ 79,99;8719937297064;144;201918948_485.pdf
97790-20;000720 ; sand/green combi;M/38;€ 79,99;8719937324685;216;201918948_486.pdf
97790-20;000720 ; sand/green combi;L/40;€ 79,99;8719937324692;182;201918948_487.pdf
97790-20;000720 ; sand/green combi;XL/42;€ 79,99;8719937324708;142;201918948_488.pdf
97790-20;000720 ; sand/green combi;2XL/44;€ 79,99;8719937324715;69;201918948_489.pdf
97790-20;000720 ; sand/green combi;3XL/46;€ 79,99;8719937324722;25;201918948_490.pdf
97792-20;000999 ; black/army combi;XS/34;€ 89,99;8719937330488;136;201918948_491.pdf
97792-20;000999 ; black/army combi;S/36;€ 89,99;8719937296180;573;201918948_492.pdf
97792-20;000999 ; black/army combi;M/38;€ 89,99;8719937330495;825;201918948_493.pdf
97792-20;000999 ; black/army combi;L/40;€ 89,99;8719937330501;821;201918948_494.pdf
97792-20;000999 ; black/army combi;XL/42;€ 89,99;8719937330518;632;201918948_495.pdf
97792-20;000999 ; black/army combi;2XL/44;€ 89,99;8719937330525;401;201918948_496.pdf
97792-20;000999 ; black/army combi;3XL/46;€ 89,99;8719937330532;105;201918948_497.pdf
