Artnr,ColorC,ColorN,Size,Price,Barcode,Aantal,beeld
01412-20,999000999000999000999000999000999000999,black/off-whiteblack/off-whiteblack/off-whiteblack/off-whiteblack/off-whiteblack/off-whiteblack/off-white,XS/34S/36M/38L/40XL/422XL/443XL/46,"69,9969,9969,9969,9969,9969,9969,99",8719937474939871993746226487199374749468719937474953871993747496087199374749778719937474984,27384212471222953554170,202000469_1.pdf202000469_2.pdf202000469_3.pdf202000469_4.pdf202000469_5.pdf202000469_6.pdf202000469_7.pdf
03403-20,000720000720000720000720000720720000720,sand combisand combisand combisand combisand combisand combisand combi,XS/34S/36M/38L/40XL/422XL/443XL/46,"59,9959,9959,9959,9959,9959,9959,99",8719937471129871993745800787199374711368719937471143871993747115087199374711678719937471174,3416622124420613467,202000469_8.pdf202000469_9.pdf202000469_10.pdf202000469_11.pdf202000469_12.pdf202000469_13.pdf202000469_14.pdf
03408-20,000720000720000720000720000720000720000720,sand/coral combisand/coral combisand/coral combisand/coral combisand/coral combisand/coral combisand/coral combi,XS/34S/36M/38L/40XL/422XL/443XL/46,"69,9969,9969,9969,9969,9969,9969,99",8719937468969871993745748287199374689768719937468983871993746899087199374690038719937469010,428212814312610965,202000469_15.pdf202000469_16.pdf202000469_17.pdf202000469_18.pdf202000469_19.pdf202000469_20.pdf202000469_21.pdf
03414-20,000735000735000735000735000735000735000735,camel/green combicamel/green combicamel/green combicamel/green combicamel/green combicamel/green combicamel/green combi,XS/34S/36M/38L/40XL/422XL/443XL/46,"49,9949,9949,9949,9949,9949,9949,99",8719937468242871993745753687199374682598719937468266871993746827387199374682808719937468297,2231004142614701289863313,202000469_22.pdf202000469_23.pdf202000469_24.pdf202000469_25.pdf202000469_26.pdf202000469_27.pdf202000469_28.pdf
03415-20,000625000625000625000625000625000625000625,blue/sand combiblue/sand combiblue/sand combiblue/sand combiblue/sand combiblue/sand combiblue/sand combi,XS/34S/36M/38L/40XL/422XL/443XL/46,"69,9969,9969,9969,9969,9969,9969,99",8719937467702871993745935687199374677198719937467726871993746773387199374677408719937467757,97281410426368281149,202000469_29.pdf202000469_30.pdf202000469_31.pdf202000469_32.pdf202000469_33.pdf202000469_34.pdf202000469_35.pdf
03416-20,000720000720000720000720000720000720000720,sandsandsandsandsandsandsand,XS/34S/36M/38L/40XL/422XL/443XL/46,"44,9944,9944,9944,9944,9944,9944,99",8719937470108871993745998187199374701158719937470122871993747013987199374701468719937470153,141693107712081021725397,202000469_36.pdf202000469_37.pdf202000469_38.pdf202000469_39.pdf202000469_40.pdf202000469_41.pdf202000469_42.pdf
03417-20,000421000421000421000421000421000421000421,old pink/combiold pink/combiold pink/combiold pink/combiold pink/combiold pink/combiold pink/combi,XS/34S/36M/38L/40XL/422XL/443XL/46,"44,9944,9944,9944,9944,9944,9944,99",8719937468006871993745754387199374680138719937468020871993746803787199374680448719937468051,191031221341249548,202000469_43.pdf202000469_44.pdf202000469_45.pdf202000469_46.pdf202000469_47.pdf202000469_48.pdf202000469_49.pdf
03423-20,000999000999000999000999000999000999000999,black/green combiblack/green combiblack/green combiblack/green combiblack/green combiblack/green combiblack/green combi,XS/34S/36M/38L/40XL/422XL/443XL/46,"59,9959,9959,9959,9959,9959,9959,99",8719937468549871993745757487199374685568719937468563871993746857087199374685878719937468594,4614722924619715559,202000469_50.pdf202000469_51.pdf202000469_52.pdf202000469_53.pdf202000469_54.pdf202000469_55.pdf202000469_56.pdf
03424-20,000999000999000999000999000999000999000999,black/green combiblack/green combiblack/green combiblack/green combiblack/green combiblack/green combiblack/green combi,XS/34S/36M/38L/40XL/422XL/443XL/46,"49,9949,9949,9949,9949,9949,9949,99",8719937468723871993745758187199374687308719937468747871993746875487199374687618719937468778,2510716417614910148,202000469_57.pdf202000469_58.pdf202000469_59.pdf202000469_60.pdf202000469_61.pdf202000469_62.pdf202000469_63.pdf
03430-20,000421000421000421000421000421000421000421,old pink combiold pink combiold pink combiold pink combiold pink combiold pink combiold pink combi,XS/34S/36M/38L/40XL/422XL/443XL/46,"49,9949,9949,9949,9949,9949,9949,99",8719937468662871993745780287199374686798719937468686871993746869387199374687098719937468716,401161491371137836,202000469_64.pdf202000469_65.pdf202000469_66.pdf202000469_67.pdf202000469_68.pdf202000469_69.pdf202000469_70.pdf
03431-20,000550000550000550000550000550000550000550,armyarmyarmyarmyarmyarmyarmy,XS/34S/36M/38L/40XL/422XL/443XL/46,"54,9954,9954,9954,9954,9954,9954,99",8719937484464871993747148887199374844718719937484488871993748449587199374845018719937484518,7426539338031319540,202000469_71.pdf202000469_72.pdf202000469_73.pdf202000469_74.pdf202000469_75.pdf202000469_76.pdf202000469_77.pdf
03432-20,000009000009000009000009000009000009000009,black/off-white/gold combiblack/off-white/gold combiblack/off-white/gold combiblack/off-white/gold combiblack/off-white/gold combiblack/off-white/gold combiblack/off-white/gold combi,XS/34S/36M/38L/40XL/422XL/443XL/46,"49,9949,9949,9949,9949,9949,9949,99",8719937469560871993745937087199374695778719937469584871993746959187199374696078719937469614,6115522322519712857,202000469_78.pdf202000469_79.pdf202000469_80.pdf202000469_81.pdf202000469_82.pdf202000469_83.pdf202000469_84.pdf
03436-20,000999000999000999000999000999000999000999,black/sand combiblack/sand combiblack/sand combiblack/sand combiblack/sand combiblack/sand combiblack/sand combi,XS/34S/36M/38L/40XL/422XL/443XL/46,"49,9949,9949,9949,9949,9949,9949,99",8719937469447871993745782687199374694548719937469461871993746947887199374694858719937469492,88485758842767519239,202000469_85.pdf202000469_86.pdf202000469_87.pdf202000469_88.pdf202000469_89.pdf202000469_90.pdf202000469_91.pdf
03438-20,000550000550000550000550000550000550000550,army/peach combiarmy/peach combiarmy/peach combiarmy/peach combiarmy/peach combiarmy/peach combiarmy/peach combi,XS/34S/36M/38L/40XL/422XL/443XL/46,"49,9949,9949,9949,9949,9949,9949,99",8719937470344871993745938787199374703518719937470368871993747037587199374703828719937470399,2331054156716191378890336,202000469_92.pdf202000469_93.pdf202000469_94.pdf202000469_95.pdf202000469_96.pdf202000469_97.pdf202000469_98.pdf
03440-20,000720000720000720000720000720000720000720,sand/black combisand/black combisand/black combisand/black combisand/black combisand/black combisand/black combi,XS/34S/36M/38L/40XL/422XL/443XL/46,"59,9959,9959,9959,9959,9959,9959,99",8719937470580871993745784087199374705978719937470603871993747061087199374706278719937470634,63439575691643542355,202000469_99.pdf202000469_100.pdf202000469_101.pdf202000469_102.pdf202000469_103.pdf202000469_104.pdf202000469_105.pdf
03441-20,000530000530000530000530000530000530000530,green/orange combigreen/orange combigreen/orange combigreen/orange combigreen/orange combigreen/orange combigreen/orange combi,XS/34S/36M/38L/40XL/422XL/443XL/46,"59,9959,9959,9959,9959,9959,9959,99",8719937469744871993745785787199374697518719937469768871993746977587199374697828719937469799,19781111261189940,202000469_106.pdf202000469_107.pdf202000469_108.pdf202000469_109.pdf202000469_110.pdf202000469_111.pdf202000469_112.pdf
03444-20,000720000720000720000720000720000720000720,sand/green combisand/green combisand/green combisand/green combisand/green combisand/green combisand/green combi,XS/34S/36M/38L/40XL/422XL/443XL/46,"59,9959,9959,9959,9959,9959,9959,99",8719937469508871993745786487199374695158719937469522871993746953987199374695468719937469553,3071096158116151430958372,202000469_113.pdf202000469_114.pdf202000469_115.pdf202000469_116.pdf202000469_117.pdf202000469_118.pdf202000469_119.pdf
03445-20,000999000999000999000999000999000999000999,black/old pink combiblack/old pink combiblack/old pink combiblack/old pink combiblack/old pink combiblack/old pink combiblack/old pink combi,XS/34S/36M/38L/40XL/422XL/443XL/46,"54,9954,9954,9954,9954,9954,9954,99",8719937470641871993745787187199374706588719937470665871993747067287199374706898719937470696,19951451531439034,202000469_120.pdf202000469_121.pdf202000469_122.pdf202000469_123.pdf202000469_124.pdf202000469_125.pdf202000469_126.pdf
03447-20,000010000010000010000010000010000010000010,off-whiteoff-whiteoff-whiteoff-whiteoff-whiteoff-whiteoff-white,XS/34S/36M/38L/40XL/422XL/443XL/46,"44,9944,9944,9944,9944,9944,9944,99",8719937468907871993745764287199374689148719937468921871993746893887199374689458719937468952,22577110961100932599227,202000469_127.pdf202000469_128.pdf202000469_129.pdf202000469_130.pdf202000469_131.pdf202000469_132.pdf202000469_133.pdf
03450-20,000999000999000999000999000999000999000999,black/green combiblack/green combiblack/green combiblack/green combiblack/green combiblack/green combiblack/green combi,XS/34S/36M/38L/40XL/422XL/443XL/46,"59,9959,9959,9959,9959,9959,9959,99",8719937467825871993745788887199374678328719937467849871993746785687199374678638719937467870,95344504515483353149,202000469_134.pdf202000469_135.pdf202000469_136.pdf202000469_137.pdf202000469_138.pdf202000469_139.pdf202000469_140.pdf
03452-20,000999000999000999000999000999000999000999,black/off-white combiblack/off-white combiblack/off-white combiblack/off-white combiblack/off-white combiblack/off-white combiblack/off-white combi,XS/34S/36M/38L/40XL/422XL/443XL/46,"49,9949,9949,9949,9949,9949,9949,99",8719937475356871993745941787199374753638719937475370871993747538787199374753948719937475400,2961178178118291541979384,202000469_141.pdf202000469_142.pdf202000469_143.pdf202000469_144.pdf202000469_145.pdf202000469_146.pdf202000469_147.pdf
03454-20,000999000999000999000999000999000999000999,black/off-white/gold combiblack/off-white/gold combiblack/off-white/gold combiblack/off-white/gold combiblack/off-white/gold combiblack/off-white/gold combiblack/off-white/gold combi,XS/34S/36M/38L/40XL/422XL/443XL/46,"44,9944,9944,9944,9944,9944,9944,99",8719937470283871993746000087199374702908719937470306871993747031387199374703208719937470337,7627741244537821688,202000469_148.pdf202000469_149.pdf202000469_150.pdf202000469_151.pdf202000469_152.pdf202000469_153.pdf202000469_154.pdf
03455-20,000550000550000550000550000550000550000550,armyarmyarmyarmyarmyarmyarmy,XS/34S/36M/38L/40XL/422XL/443XL/46,"49,9949,9949,9949,9949,9949,9949,99",8719937470405871993745789587199374704128719937470429871993747043687199374704438719937470450,57294386489477410288,202000469_155.pdf202000469_156.pdf202000469_157.pdf202000469_158.pdf202000469_159.pdf202000469_160.pdf202000469_161.pdf
03456-20,000999000999000999000999000999000999000999,black/off-white/gold combiblack/off-white/gold combiblack/off-white/gold combiblack/off-white/gold combiblack/off-white/gold combiblack/off-white/gold combiblack/off-white/gold combi,XS/34S/36M/38L/40XL/422XL/443XL/46,"54,9954,9954,9954,9954,9954,9954,99",8719937471006871993745942487199374710138719937471020871993747103787199374710448719937471051,120571781905821645389,202000469_162.pdf202000469_163.pdf202000469_164.pdf202000469_165.pdf202000469_166.pdf202000469_167.pdf202000469_168.pdf
03457-20,000999000999000999000999000999000999000999,black combiblack combiblack combiblack combiblack combiblack combiblack combi,XS/34S/36M/38L/40XL/422XL/443XL/46,"59,9959,9959,9959,9959,9959,9959,99",8719937470948871993745766687199374709558719937470962871993747097987199374709868719937470993,7419525626921412461,202000469_169.pdf202000469_170.pdf202000469_171.pdf202000469_172.pdf202000469_173.pdf202000469_174.pdf202000469_175.pdf
06350-20,000550000550000550000550000550000550000550,army/peach combiarmy/peach combiarmy/peach combiarmy/peach combiarmy/peach combiarmy/peach combiarmy/peach combi,XS/34S/36M/38L/40XL/422XL/443XL/46,"69,9969,9969,9969,9969,9969,9969,99",8719937469263871993745802187199374692708719937469287871993746929487199374693008719937469317,145760118212181044691292,202000469_176.pdf202000469_177.pdf202000469_178.pdf202000469_179.pdf202000469_180.pdf202000469_181.pdf202000469_182.pdf
06351-20,000999000999000999000999000999000999000999,black/off-white/gold combiblack/off-white/gold combiblack/off-white/gold combiblack/off-white/gold combiblack/off-white/gold combiblack/off-white/gold combiblack/off-white/gold combi,XS/34S/36M/38L/40XL/422XL/443XL/46,"59,9959,9959,9959,9959,9959,9959,99",8719937468785871993745943187199374687928719937468808871993746881587199374688228719937468839,88197235210139428,202000469_183.pdf202000469_184.pdf202000469_185.pdf202000469_186.pdf202000469_187.pdf202000469_188.pdf202000469_189.pdf
06351K-20,000999000999000999000999000999000999,black/off-white/gold combiblack/off-white/gold combiblack/off-white/gold combiblack/off-white/gold combiblack/off-white/gold combiblack/off-white/gold combi,116128140152164176,"49,9949,9949,9949,9949,9949,99",871993749570587199374957298719937495743871993745948687199374957748719937495798,22576929055,202000469_267.pdf202000469_268.pdf202000469_269.pdf202000469_270.pdf202000469_271.pdf202000469_272.pdf
06355-20,000999000999000999000999000999000999000999,blackblackblackblackblackblackblack,XS/34S/36M/38L/40XL/422XL/443XL/46,"44,9944,9944,9944,9944,9944,9944,99",8719937470160871993746001787199374701778719937470184871993747019187199374702078719937470214,27379211451153907548151,202000469_190.pdf202000469_191.pdf202000469_192.pdf202000469_193.pdf202000469_194.pdf202000469_195.pdf202000469_196.pdf
06355K-20,000999000999000999000999000999000999000999000999,blackblackblackblackblackblackblackblack,128140146152158164170176,"39,9939,9939,9939,9939,9939,9939,9939,99",87199374942348719937494258871993749426587199374786858719937494272871993749428987199374942968719937494302,259941184122290,202000469_273.pdf202000469_274.pdf202000469_275.pdf202000469_276.pdf202000469_277.pdf202000469_278.pdf202000469_279.pdf202000469_280.pdf
06356-20,000999000999000999000999000999000999000999,black/off-white combiblack/off-white combiblack/off-white combiblack/off-white combiblack/off-white combiblack/off-white combiblack/off-white combi,XS/34S/36M/38L/40XL/422XL/443XL/46,"49,9949,9949,9949,9949,9949,9949,99",8719937475295871993745944887199374753018719937475318871993747532587199374753328719937475349,3651208172618331485884414,202000469_197.pdf202000469_198.pdf202000469_199.pdf202000469_200.pdf202000469_201.pdf202000469_202.pdf202000469_203.pdf
06356K-20,000009000009000009000009000009000009,black/off-white combiblack/off-white combiblack/off-white combiblack/off-white combiblack/off-white combiblack/off-white combi,116128140152164176,"39,9939,9939,9939,9939,9939,99",871993749769387199374977168719937497730871993749275987199374977618719937497785,22350788850,202000469_281.pdf202000469_282.pdf202000469_283.pdf202000469_284.pdf202000469_285.pdf202000469_286.pdf
06357K-20,000999000999000999000999000999000999,black/off-white/gold combiblack/off-white/gold combiblack/off-white/gold combiblack/off-white/gold combiblack/off-white/gold combiblack/off-white/gold combi,116128140152164176,"49,9949,9949,9949,9949,9949,99",871993749406787199374940818719937494104871993746225787199374941358719937494159,1171153166155111,202000469_287.pdf202000469_288.pdf202000469_289.pdf202000469_290.pdf202000469_291.pdf202000469_292.pdf
07412-20,000999000999000999000999000999000999000999,black/green combiblack/green combiblack/green combiblack/green combiblack/green combiblack/green combiblack/green combi,XS/34S/36M/38L/40XL/422XL/443XL/46,"79,9979,9979,9979,9979,9979,9979,99",8719937468365871993745793287199374683728719937468389871993746839687199374684028719937468419,17447471714419,202000469_204.pdf202000469_205.pdf202000469_206.pdf202000469_207.pdf202000469_208.pdf202000469_209.pdf202000469_210.pdf
07415-20,000550000550000550000550000550000550000550,army combiarmy combiarmy combiarmy combiarmy combiarmy combiarmy combi,XS/34S/36M/38L/40XL/422XL/443XL/46,"89,9989,9989,9989,9989,9989,9989,99",8719937472874871993746224087199374728818719937472898871993747290487199374729118719937472928,246960146814741239825361,202000469_211.pdf202000469_212.pdf202000469_213.pdf202000469_214.pdf202000469_215.pdf202000469_216.pdf202000469_217.pdf
07417-20,000999000999000999000999000999000999000999,black/green combiblack/green combiblack/green combiblack/green combiblack/green combiblack/green combiblack/green combi,XS/34S/36M/38L/40XL/422XL/443XL/46,"79,9979,9979,9979,9979,9979,9979,99",8719937471181871993745770387199374711988719937471204871993747121187199374712288719937471235,6315320220817911365,202000469_218.pdf202000469_219.pdf202000469_220.pdf202000469_221.pdf202000469_222.pdf202000469_223.pdf202000469_224.pdf
07418-20,000720000720000720000720000720000720000720,sand/coral combisand/coral combisand/coral combisand/coral combisand/coral combisand/coral combisand/coral combi,XS/34S/36M/38L/40XL/422XL/443XL/46,"79,9979,9979,9979,9979,9979,9979,99",8719937469027871993745771087199374690348719937469041871993746905887199374690658719937469072,6513718518114911871,202000469_225.pdf202000469_226.pdf202000469_227.pdf202000469_228.pdf202000469_229.pdf202000469_230.pdf202000469_231.pdf
07420-20,000999000999000999000999000999000999000999,black/gold combiblack/gold combiblack/gold combiblack/gold combiblack/gold combiblack/gold combiblack/gold combi,XS/34S/36M/38L/40XL/422XL/443XL/46,"79,9979,9979,9979,9979,9979,9979,99",8719937470221871993746003187199374702388719937470245871993747025287199374702698719937470276,13738657553840726986,202000469_232.pdf202000469_233.pdf202000469_234.pdf202000469_235.pdf202000469_236.pdf202000469_237.pdf202000469_238.pdf
07424-20,000720000720000720000720000720000720000720,sand/black combisand/black combisand/black combisand/black combisand/black combisand/black combisand/black combi,XS/34S/36M/38L/40XL/422XL/443XL/46,"79,9979,9979,9979,9979,9979,9979,99",8719937472997871993746222687199374730008719937473017871993747302487199374730318719937473048,132498714741685527315,202000469_239.pdf202000469_240.pdf202000469_241.pdf202000469_242.pdf202000469_243.pdf202000469_244.pdf202000469_245.pdf
07428-20,000009000009000009000009000009000009000009,black/white combiblack/white combiblack/white combiblack/white combiblack/white combiblack/white combiblack/white combi,XS/34S/36M/38L/40XL/422XL/443XL/46,"59,9959,9959,9959,9959,9959,9959,99",8719937472157871993745796387199374721648719937472171871993747218887199374721958719937472201,212947144714531292886410,202000469_246.pdf202000469_247.pdf202000469_248.pdf202000469_249.pdf202000469_250.pdf202000469_251.pdf202000469_252.pdf
07432-20,000999000999000999000999000999000999000999,blackblackblackblackblackblackblack,XS/34S/36M/38L/40XL/422XL/443XL/46,"89,9989,9989,9989,9989,9989,9989,99",8719937484587871993747151887199374845948719937484600871993748461787199374846248719937484631,571281511281015927,202000469_253.pdf202000469_254.pdf202000469_255.pdf202000469_256.pdf202000469_257.pdf202000469_258.pdf202000469_259.pdf
07434-20,000999000999000999000999000999000999000999,blackblackblackblackblackblackblack,XS/34S/36M/38L/40XL/422XL/443XL/46,"69,9969,9969,9969,9969,9969,9969,99",8719937475172871993746006287199374751898719937475196871993747520287199374752198719937475226,8619724825220613788,202000469_260.pdf202000469_261.pdf202000469_262.pdf202000469_263.pdf202000469_264.pdf202000469_265.pdf202000469_266.pdf
