Colorcode;aantal;beeld
;8;geel.pdf
2362 van 01412-20;1;leeg.pdf
;1;geel.pdf
01412-20;273;202000469_1.pdf
01412-20;842;202000469_2.pdf
01412-20;1247;202000469_3.pdf
;1;geel.pdf
2362 van 01412-20;1;leeg.pdf
;8;geel.pdf
;8;geel.pdf
2175 van 01412-20;1;leeg.pdf
;1;geel.pdf
01412-20;1222;202000469_4.pdf
01412-20;953;202000469_5.pdf
;1;geel.pdf
2175 van 01412-20;1;leeg.pdf
;8;geel.pdf
;8;geel.pdf
724 van 01412-20;1;leeg.pdf
;1;geel.pdf
01412-20;554;202000469_6.pdf
01412-20;170;202000469_7.pdf
;1;geel.pdf
724 van 01412-20;1;leeg.pdf
;8;geel.pdf
;8;geel.pdf
1072 van 03403-20;1;leeg.pdf
;1;geel.pdf
03403-20;34;202000469_8.pdf
03403-20;166;202000469_9.pdf
03403-20;221;202000469_10.pdf
03403-20;244;202000469_11.pdf
03403-20;206;202000469_12.pdf
03403-20;134;202000469_13.pdf
03403-20;67;202000469_14.pdf
;1;geel.pdf
1072 van 03403-20;1;leeg.pdf
;8;geel.pdf
;8;geel.pdf
695 van 03408-20;1;leeg.pdf
;1;geel.pdf
03408-20;42;202000469_15.pdf
03408-20;82;202000469_16.pdf
03408-20;128;202000469_17.pdf
03408-20;143;202000469_18.pdf
03408-20;126;202000469_19.pdf
03408-20;109;202000469_20.pdf
03408-20;65;202000469_21.pdf
;1;geel.pdf
695 van 03408-20;1;leeg.pdf
;8;geel.pdf
;8;geel.pdf
2653 van 03414-20;1;leeg.pdf
;1;geel.pdf
03414-20;223;202000469_22.pdf
03414-20;1004;202000469_23.pdf
03414-20;1426;202000469_24.pdf
;1;geel.pdf
2653 van 03414-20;1;leeg.pdf
;8;geel.pdf
;8;geel.pdf
2759 van 03414-20;1;leeg.pdf
;1;geel.pdf
03414-20;1470;202000469_25.pdf
03414-20;1289;202000469_26.pdf
;1;geel.pdf
2759 van 03414-20;1;leeg.pdf
;8;geel.pdf
;8;geel.pdf
1176 van 03414-20;1;leeg.pdf
;1;geel.pdf
03414-20;863;202000469_27.pdf
03414-20;313;202000469_28.pdf
;1;geel.pdf
1176 van 03414-20;1;leeg.pdf
;8;geel.pdf
;8;geel.pdf
2012 van 03415-20;1;leeg.pdf
;1;geel.pdf
03415-20;97;202000469_29.pdf
03415-20;281;202000469_30.pdf
03415-20;410;202000469_31.pdf
03415-20;426;202000469_32.pdf
03415-20;368;202000469_33.pdf
03415-20;281;202000469_34.pdf
03415-20;149;202000469_35.pdf
;1;geel.pdf
2012 van 03415-20;1;leeg.pdf
;8;geel.pdf
;8;geel.pdf
1911 van 03416-20;1;leeg.pdf
;1;geel.pdf
03416-20;141;202000469_36.pdf
03416-20;693;202000469_37.pdf
03416-20;1077;202000469_38.pdf
;1;geel.pdf
1911 van 03416-20;1;leeg.pdf
;8;geel.pdf
;8;geel.pdf
2229 van 03416-20;1;leeg.pdf
;1;geel.pdf
03416-20;1208;202000469_39.pdf
03416-20;1021;202000469_40.pdf
;1;geel.pdf
2229 van 03416-20;1;leeg.pdf
;8;geel.pdf
;8;geel.pdf
1122 van 03416-20;1;leeg.pdf
;1;geel.pdf
03416-20;725;202000469_41.pdf
03416-20;397;202000469_42.pdf
;1;geel.pdf
1122 van 03416-20;1;leeg.pdf
;8;geel.pdf
;8;geel.pdf
645 van 03417-20;1;leeg.pdf
;1;geel.pdf
03417-20;19;202000469_43.pdf
03417-20;103;202000469_44.pdf
03417-20;122;202000469_45.pdf
03417-20;134;202000469_46.pdf
03417-20;124;202000469_47.pdf
03417-20;95;202000469_48.pdf
03417-20;48;202000469_49.pdf
;1;geel.pdf
645 van 03417-20;1;leeg.pdf
;8;geel.pdf
;8;geel.pdf
1079 van 03423-20;1;leeg.pdf
;1;geel.pdf
03423-20;46;202000469_50.pdf
03423-20;147;202000469_51.pdf
03423-20;229;202000469_52.pdf
03423-20;246;202000469_53.pdf
03423-20;197;202000469_54.pdf
03423-20;155;202000469_55.pdf
03423-20;59;202000469_56.pdf
;1;geel.pdf
1079 van 03423-20;1;leeg.pdf
;8;geel.pdf
;8;geel.pdf
770 van 03424-20;1;leeg.pdf
;1;geel.pdf
03424-20;25;202000469_57.pdf
03424-20;107;202000469_58.pdf
03424-20;164;202000469_59.pdf
03424-20;176;202000469_60.pdf
03424-20;149;202000469_61.pdf
03424-20;101;202000469_62.pdf
03424-20;48;202000469_63.pdf
;1;geel.pdf
770 van 03424-20;1;leeg.pdf
;8;geel.pdf
;8;geel.pdf
669 van 03430-20;1;leeg.pdf
;1;geel.pdf
03430-20;40;202000469_64.pdf
03430-20;116;202000469_65.pdf
03430-20;149;202000469_66.pdf
03430-20;137;202000469_67.pdf
03430-20;113;202000469_68.pdf
03430-20;78;202000469_69.pdf
03430-20;36;202000469_70.pdf
;1;geel.pdf
669 van 03430-20;1;leeg.pdf
;8;geel.pdf
;8;geel.pdf
1660 van 03431-20;1;leeg.pdf
;1;geel.pdf
03431-20;74;202000469_71.pdf
03431-20;265;202000469_72.pdf
03431-20;393;202000469_73.pdf
03431-20;380;202000469_74.pdf
03431-20;313;202000469_75.pdf
03431-20;195;202000469_76.pdf
03431-20;40;202000469_77.pdf
;1;geel.pdf
1660 van 03431-20;1;leeg.pdf
;8;geel.pdf
;8;geel.pdf
1046 van 03432-20;1;leeg.pdf
;1;geel.pdf
03432-20;61;202000469_78.pdf
03432-20;155;202000469_79.pdf
03432-20;223;202000469_80.pdf
03432-20;225;202000469_81.pdf
03432-20;197;202000469_82.pdf
03432-20;128;202000469_83.pdf
03432-20;57;202000469_84.pdf
;1;geel.pdf
1046 van 03432-20;1;leeg.pdf
;8;geel.pdf
;8;geel.pdf
3698 van 03436-20;1;leeg.pdf
;1;geel.pdf
03436-20;88;202000469_85.pdf
03436-20;485;202000469_86.pdf
03436-20;758;202000469_87.pdf
03436-20;842;202000469_88.pdf
03436-20;767;202000469_89.pdf
03436-20;519;202000469_90.pdf
03436-20;239;202000469_91.pdf
;1;geel.pdf
3698 van 03436-20;1;leeg.pdf
;8;geel.pdf
;8;geel.pdf
2854 van 03438-20;1;leeg.pdf
;1;geel.pdf
03438-20;233;202000469_92.pdf
03438-20;1054;202000469_93.pdf
03438-20;1567;202000469_94.pdf
;1;geel.pdf
2854 van 03438-20;1;leeg.pdf
;8;geel.pdf
;8;geel.pdf
2997 van 03438-20;1;leeg.pdf
;1;geel.pdf
03438-20;1619;202000469_95.pdf
03438-20;1378;202000469_96.pdf
;1;geel.pdf
2997 van 03438-20;1;leeg.pdf
;8;geel.pdf
;8;geel.pdf
1226 van 03438-20;1;leeg.pdf
;1;geel.pdf
03438-20;890;202000469_97.pdf
03438-20;336;202000469_98.pdf
;1;geel.pdf
1226 van 03438-20;1;leeg.pdf
;8;geel.pdf
;8;geel.pdf
3308 van 03440-20;1;leeg.pdf
;1;geel.pdf
03440-20;63;202000469_99.pdf
03440-20;439;202000469_100.pdf
03440-20;575;202000469_101.pdf
03440-20;691;202000469_102.pdf
03440-20;643;202000469_103.pdf
03440-20;542;202000469_104.pdf
03440-20;355;202000469_105.pdf
;1;geel.pdf
3308 van 03440-20;1;leeg.pdf
;8;geel.pdf
;8;geel.pdf
591 van 03441-20;1;leeg.pdf
;1;geel.pdf
03441-20;19;202000469_106.pdf
03441-20;78;202000469_107.pdf
03441-20;111;202000469_108.pdf
03441-20;126;202000469_109.pdf
03441-20;118;202000469_110.pdf
03441-20;99;202000469_111.pdf
03441-20;40;202000469_112.pdf
;1;geel.pdf
591 van 03441-20;1;leeg.pdf
;8;geel.pdf
;8;geel.pdf
2984 van 03444-20;1;leeg.pdf
;1;geel.pdf
03444-20;307;202000469_113.pdf
03444-20;1096;202000469_114.pdf
03444-20;1581;202000469_115.pdf
;1;geel.pdf
2984 van 03444-20;1;leeg.pdf
;8;geel.pdf
;8;geel.pdf
3045 van 03444-20;1;leeg.pdf
;1;geel.pdf
03444-20;1615;202000469_116.pdf
03444-20;1430;202000469_117.pdf
;1;geel.pdf
3045 van 03444-20;1;leeg.pdf
;8;geel.pdf
;8;geel.pdf
1330 van 03444-20;1;leeg.pdf
;1;geel.pdf
03444-20;958;202000469_118.pdf
03444-20;372;202000469_119.pdf
;1;geel.pdf
1330 van 03444-20;1;leeg.pdf
;8;geel.pdf
;8;geel.pdf
679 van 03445-20;1;leeg.pdf
;1;geel.pdf
03445-20;19;202000469_120.pdf
03445-20;95;202000469_121.pdf
03445-20;145;202000469_122.pdf
03445-20;153;202000469_123.pdf
03445-20;143;202000469_124.pdf
03445-20;90;202000469_125.pdf
03445-20;34;202000469_126.pdf
;1;geel.pdf
679 van 03445-20;1;leeg.pdf
;8;geel.pdf
;8;geel.pdf
4950 van 03447-20;1;leeg.pdf
;1;geel.pdf
03447-20;225;202000469_127.pdf
03447-20;771;202000469_128.pdf
03447-20;1096;202000469_129.pdf
03447-20;1100;202000469_130.pdf
03447-20;932;202000469_131.pdf
03447-20;599;202000469_132.pdf
03447-20;227;202000469_133.pdf
;1;geel.pdf
4950 van 03447-20;1;leeg.pdf
;8;geel.pdf
;8;geel.pdf
2443 van 03450-20;1;leeg.pdf
;1;geel.pdf
03450-20;95;202000469_134.pdf
03450-20;344;202000469_135.pdf
03450-20;504;202000469_136.pdf
03450-20;515;202000469_137.pdf
03450-20;483;202000469_138.pdf
03450-20;353;202000469_139.pdf
03450-20;149;202000469_140.pdf
;1;geel.pdf
2443 van 03450-20;1;leeg.pdf
;8;geel.pdf
;8;geel.pdf
3255 van 03452-20;1;leeg.pdf
;1;geel.pdf
03452-20;296;202000469_141.pdf
03452-20;1178;202000469_142.pdf
03452-20;1781;202000469_143.pdf
;1;geel.pdf
3255 van 03452-20;1;leeg.pdf
;8;geel.pdf
;8;geel.pdf
3370 van 03452-20;1;leeg.pdf
;1;geel.pdf
03452-20;1829;202000469_144.pdf
03452-20;1541;202000469_145.pdf
;1;geel.pdf
3370 van 03452-20;1;leeg.pdf
;8;geel.pdf
;8;geel.pdf
1363 van 03452-20;1;leeg.pdf
;1;geel.pdf
03452-20;979;202000469_146.pdf
03452-20;384;202000469_147.pdf
;1;geel.pdf
1363 van 03452-20;1;leeg.pdf
;8;geel.pdf
;8;geel.pdf
1892 van 03454-20;1;leeg.pdf
;1;geel.pdf
03454-20;76;202000469_148.pdf
03454-20;277;202000469_149.pdf
03454-20;412;202000469_150.pdf
03454-20;445;202000469_151.pdf
03454-20;378;202000469_152.pdf
03454-20;216;202000469_153.pdf
03454-20;88;202000469_154.pdf
;1;geel.pdf
1892 van 03454-20;1;leeg.pdf
;8;geel.pdf
;8;geel.pdf
2401 van 03455-20;1;leeg.pdf
;1;geel.pdf
03455-20;57;202000469_155.pdf
03455-20;294;202000469_156.pdf
03455-20;386;202000469_157.pdf
03455-20;489;202000469_158.pdf
03455-20;477;202000469_159.pdf
03455-20;410;202000469_160.pdf
03455-20;288;202000469_161.pdf
;1;geel.pdf
2401 van 03455-20;1;leeg.pdf
;8;geel.pdf
;8;geel.pdf
4232 van 03456-20;1;leeg.pdf
;1;geel.pdf
03456-20;120;202000469_162.pdf
03456-20;571;202000469_163.pdf
03456-20;781;202000469_164.pdf
03456-20;905;202000469_165.pdf
03456-20;821;202000469_166.pdf
03456-20;645;202000469_167.pdf
03456-20;389;202000469_168.pdf
;1;geel.pdf
4232 van 03456-20;1;leeg.pdf
;8;geel.pdf
;8;geel.pdf
1193 van 03457-20;1;leeg.pdf
;1;geel.pdf
03457-20;74;202000469_169.pdf
03457-20;195;202000469_170.pdf
03457-20;256;202000469_171.pdf
03457-20;269;202000469_172.pdf
03457-20;214;202000469_173.pdf
03457-20;124;202000469_174.pdf
03457-20;61;202000469_175.pdf
;1;geel.pdf
1193 van 03457-20;1;leeg.pdf
;8;geel.pdf
;8;geel.pdf
2087 van 06350-20;1;leeg.pdf
;1;geel.pdf
06350-20;145;202000469_176.pdf
06350-20;760;202000469_177.pdf
06350-20;1182;202000469_178.pdf
;1;geel.pdf
2087 van 06350-20;1;leeg.pdf
;8;geel.pdf
;8;geel.pdf
2262 van 06350-20;1;leeg.pdf
;1;geel.pdf
06350-20;1218;202000469_179.pdf
06350-20;1044;202000469_180.pdf
;1;geel.pdf
2262 van 06350-20;1;leeg.pdf
;8;geel.pdf
;8;geel.pdf
983 van 06350-20;1;leeg.pdf
;1;geel.pdf
06350-20;691;202000469_181.pdf
06350-20;292;202000469_182.pdf
;1;geel.pdf
983 van 06350-20;1;leeg.pdf
;8;geel.pdf
;8;geel.pdf
919 van 06351-20;1;leeg.pdf
;1;geel.pdf
06351-20;88;202000469_183.pdf
06351-20;197;202000469_184.pdf
06351-20;235;202000469_185.pdf
06351-20;210;202000469_186.pdf
06351-20;139;202000469_187.pdf
06351-20;42;202000469_188.pdf
06351-20;8;202000469_189.pdf
;1;geel.pdf
919 van 06351-20;1;leeg.pdf
;8;geel.pdf
;8;geel.pdf
4969 van 06355-20;1;leeg.pdf
;1;geel.pdf
06355-20;273;202000469_190.pdf
06355-20;792;202000469_191.pdf
06355-20;1145;202000469_192.pdf
06355-20;1153;202000469_193.pdf
06355-20;907;202000469_194.pdf
06355-20;548;202000469_195.pdf
06355-20;151;202000469_196.pdf
;1;geel.pdf
4969 van 06355-20;1;leeg.pdf
;8;geel.pdf
;8;geel.pdf
3299 van 06356-20;1;leeg.pdf
;1;geel.pdf
06356-20;365;202000469_197.pdf
06356-20;1208;202000469_198.pdf
06356-20;1726;202000469_199.pdf
;1;geel.pdf
3299 van 06356-20;1;leeg.pdf
;8;geel.pdf
;8;geel.pdf
3318 van 06356-20;1;leeg.pdf
;1;geel.pdf
06356-20;1833;202000469_200.pdf
06356-20;1485;202000469_201.pdf
;1;geel.pdf
3318 van 06356-20;1;leeg.pdf
;8;geel.pdf
;8;geel.pdf
1298 van 06356-20;1;leeg.pdf
;1;geel.pdf
06356-20;884;202000469_202.pdf
06356-20;414;202000469_203.pdf
;1;geel.pdf
1298 van 06356-20;1;leeg.pdf
;8;geel.pdf
;8;geel.pdf
340 van 07412-20;1;leeg.pdf
;1;geel.pdf
07412-20;17;202000469_204.pdf
07412-20;44;202000469_205.pdf
07412-20;74;202000469_206.pdf
07412-20;71;202000469_207.pdf
07412-20;71;202000469_208.pdf
07412-20;44;202000469_209.pdf
07412-20;19;202000469_210.pdf
;1;geel.pdf
340 van 07412-20;1;leeg.pdf
;8;geel.pdf
;8;geel.pdf
2674 van 07415-20;1;leeg.pdf
;1;geel.pdf
07415-20;246;202000469_211.pdf
07415-20;960;202000469_212.pdf
07415-20;1468;202000469_213.pdf
;1;geel.pdf
2674 van 07415-20;1;leeg.pdf
;8;geel.pdf
;8;geel.pdf
2713 van 07415-20;1;leeg.pdf
;1;geel.pdf
07415-20;1474;202000469_214.pdf
07415-20;1239;202000469_215.pdf
;1;geel.pdf
2713 van 07415-20;1;leeg.pdf
;8;geel.pdf
;8;geel.pdf
1186 van 07415-20;1;leeg.pdf
;1;geel.pdf
07415-20;825;202000469_216.pdf
07415-20;361;202000469_217.pdf
;1;geel.pdf
1186 van 07415-20;1;leeg.pdf
;8;geel.pdf
;8;geel.pdf
983 van 07417-20;1;leeg.pdf
;1;geel.pdf
07417-20;63;202000469_218.pdf
07417-20;153;202000469_219.pdf
07417-20;202;202000469_220.pdf
07417-20;208;202000469_221.pdf
07417-20;179;202000469_222.pdf
07417-20;113;202000469_223.pdf
07417-20;65;202000469_224.pdf
;1;geel.pdf
983 van 07417-20;1;leeg.pdf
;8;geel.pdf
;8;geel.pdf
906 van 07418-20;1;leeg.pdf
;1;geel.pdf
07418-20;65;202000469_225.pdf
07418-20;137;202000469_226.pdf
07418-20;185;202000469_227.pdf
07418-20;181;202000469_228.pdf
07418-20;149;202000469_229.pdf
07418-20;118;202000469_230.pdf
07418-20;71;202000469_231.pdf
;1;geel.pdf
906 van 07418-20;1;leeg.pdf
;8;geel.pdf
;8;geel.pdf
2398 van 07420-20;1;leeg.pdf
;1;geel.pdf
07420-20;137;202000469_232.pdf
07420-20;386;202000469_233.pdf
07420-20;575;202000469_234.pdf
07420-20;538;202000469_235.pdf
07420-20;407;202000469_236.pdf
07420-20;269;202000469_237.pdf
07420-20;86;202000469_238.pdf
;1;geel.pdf
2398 van 07420-20;1;leeg.pdf
;8;geel.pdf
;8;geel.pdf
3612 van 07424-20;1;leeg.pdf
;1;geel.pdf
07424-20;132;202000469_239.pdf
07424-20;498;202000469_240.pdf
07424-20;714;202000469_241.pdf
07424-20;741;202000469_242.pdf
07424-20;685;202000469_243.pdf
07424-20;527;202000469_244.pdf
07424-20;315;202000469_245.pdf
;1;geel.pdf
3612 van 07424-20;1;leeg.pdf
;8;geel.pdf
;8;geel.pdf
2606 van 07428-20;1;leeg.pdf
;1;geel.pdf
07428-20;212;202000469_246.pdf
07428-20;947;202000469_247.pdf
07428-20;1447;202000469_248.pdf
;1;geel.pdf
2606 van 07428-20;1;leeg.pdf
;8;geel.pdf
;8;geel.pdf
2745 van 07428-20;1;leeg.pdf
;1;geel.pdf
07428-20;1453;202000469_249.pdf
07428-20;1292;202000469_250.pdf
;1;geel.pdf
2745 van 07428-20;1;leeg.pdf
;8;geel.pdf
;8;geel.pdf
1296 van 07428-20;1;leeg.pdf
;1;geel.pdf
07428-20;886;202000469_251.pdf
07428-20;410;202000469_252.pdf
;1;geel.pdf
1296 van 07428-20;1;leeg.pdf
;8;geel.pdf
;8;geel.pdf
651 van 07432-20;1;leeg.pdf
;1;geel.pdf
07432-20;57;202000469_253.pdf
07432-20;128;202000469_254.pdf
07432-20;151;202000469_255.pdf
07432-20;128;202000469_256.pdf
07432-20;101;202000469_257.pdf
07432-20;59;202000469_258.pdf
07432-20;27;202000469_259.pdf
;1;geel.pdf
651 van 07432-20;1;leeg.pdf
;8;geel.pdf
;8;geel.pdf
1214 van 07434-20;1;leeg.pdf
;1;geel.pdf
07434-20;86;202000469_260.pdf
07434-20;197;202000469_261.pdf
07434-20;248;202000469_262.pdf
07434-20;252;202000469_263.pdf
07434-20;206;202000469_264.pdf
07434-20;137;202000469_265.pdf
07434-20;88;202000469_266.pdf
;1;geel.pdf
1214 van 07434-20;1;leeg.pdf
;8;geel.pdf
;8;geel.pdf
365 van 06351K-20;1;leeg.pdf
;1;geel.pdf
06351K-20;2;202000469_267.pdf
06351K-20;25;202000469_268.pdf
06351K-20;76;202000469_269.pdf
06351K-20;92;202000469_270.pdf
06351K-20;90;202000469_271.pdf
06351K-20;55;202000469_272.pdf
06355K-20;25;202000469_273.pdf
;1;geel.pdf
365 van 06351K-20;1;leeg.pdf
;8;geel.pdf
;8;geel.pdf
439 van 06355K-20;1;leeg.pdf
;1;geel.pdf
06355K-20;99;202000469_274.pdf
06355K-20;4;202000469_275.pdf
06355K-20;118;202000469_276.pdf
06355K-20;4;202000469_277.pdf
06355K-20;122;202000469_278.pdf
06355K-20;2;202000469_279.pdf
06355K-20;90;202000469_280.pdf
;1;geel.pdf
439 van 06355K-20;1;leeg.pdf
;8;geel.pdf
;8;geel.pdf
302 van 06356K-20;1;leeg.pdf
;1;geel.pdf
06356K-20;2;202000469_281.pdf
06356K-20;23;202000469_282.pdf
06356K-20;50;202000469_283.pdf
06356K-20;78;202000469_284.pdf
06356K-20;88;202000469_285.pdf
06356K-20;50;202000469_286.pdf
06357K-20;11;202000469_287.pdf
;1;geel.pdf
302 van 06356K-20;1;leeg.pdf
;8;geel.pdf
;8;geel.pdf
656 van 06357K-20;1;leeg.pdf
;1;geel.pdf
06357K-20;71;202000469_288.pdf
06357K-20;153;202000469_289.pdf
06357K-20;166;202000469_290.pdf
06357K-20;155;202000469_291.pdf
06357K-20;111;202000469_292.pdf
;1;geel.pdf
656 van 06357K-20;1;leeg.pdf
;8;geel.pdf
